tiempo_s,referencia_rpm,velocidad_rpm,error_rpm,duty_percent,encoder_count,referencia_counts_100ms,velocidad_counts_100ms,error_counts_100ms,kp,ki,kd,sample_time_s,sample_time_count,encoder_counts_per_rev,monitor_interval_nominal_ms,sentido_giro
0.084,100.000,0.000,0.000,0.000,0,220,0,0,350,0,0,0.1,10000000,1320,100,horario
0.118,100.000,0.000,0.000,0.000,0,220,0,0,350,0,0,0.1,10000000,1320,100,horario
0.217,100.000,0.000,100.000,77.000,-34,220,0,220,350,0,0,0.1,10000000,1320,100,horario
0.316,100.000,54.091,45.909,35.350,-214,220,-119,101,350,0,0,0.1,10000000,1320,100,horario
0.415,100.000,88.636,11.364,8.750,-397,220,-195,25,350,0,0,0.1,10000000,1320,100,horario
0.517,100.000,74.091,25.909,19.950,-541,220,-163,57,350,0,0,0.1,10000000,1320,100,horario
0.617,100.000,57.273,42.727,32.900,-660,220,-126,94,350,0,0,0.1,10000000,1320,100,horario
0.717,100.000,54.091,45.909,35.350,-785,220,-119,101,350,0,0,0.1,10000000,1320,100,horario
0.815,100.000,60.000,40.000,30.800,-919,220,-132,88,350,0,0,0.1,10000000,1320,100,horario
0.914,100.000,61.818,38.182,29.400,-1052,220,-136,84,350,0,0,0.1,10000000,1320,100,horario
1.016,100.000,59.091,40.909,31.500,-1182,220,-130,90,350,0,0,0.1,10000000,1320,100,horario
1.115,100.000,58.182,41.818,32.200,-1310,220,-128,92,350,0,0,0.1,10000000,1320,100,horario
1.216,100.000,59.545,40.455,31.150,-1442,220,-131,89,350,0,0,0.1,10000000,1320,100,horario
1.317,100.000,59.545,40.455,31.150,-1574,220,-131,89,350,0,0,0.1,10000000,1320,100,horario
1.415,100.000,59.545,40.455,31.150,-1704,220,-131,89,350,0,0,0.1,10000000,1320,100,horario
1.514,100.000,60.000,40.000,30.800,-1835,220,-132,88,350,0,0,0.1,10000000,1320,100,horario
1.617,100.000,59.545,40.455,31.150,-1967,220,-131,89,350,0,0,0.1,10000000,1320,100,horario
1.717,100.000,60.000,40.000,30.800,-2099,220,-132,88,350,0,0,0.1,10000000,1320,100,horario
1.817,100.000,59.091,40.909,31.500,-2230,220,-130,90,350,0,0,0.1,10000000,1320,100,horario
1.915,100.000,60.000,40.000,30.800,-2360,220,-132,88,350,0,0,0.1,10000000,1320,100,horario
2.017,100.000,60.000,40.000,30.800,-2494,220,-132,88,350,0,0,0.1,10000000,1320,100,horario
2.117,100.000,60.000,40.000,30.800,-2626,220,-132,88,350,0,0,0.1,10000000,1320,100,horario
2.216,100.000,60.000,40.000,30.800,-2758,220,-132,88,350,0,0,0.1,10000000,1320,100,horario
2.315,100.000,60.455,39.545,30.450,-2890,220,-133,87,350,0,0,0.1,10000000,1320,100,horario
2.411,100.000,60.000,40.000,30.800,-3019,220,-132,88,350,0,0,0.1,10000000,1320,100,horario
2.517,100.000,60.000,40.000,30.800,-3155,220,-132,88,350,0,0,0.1,10000000,1320,100,horario
2.617,100.000,60.455,39.545,30.450,-3288,220,-133,87,350,0,0,0.1,10000000,1320,100,horario
2.717,100.000,60.000,40.000,30.800,-3420,220,-132,88,350,0,0,0.1,10000000,1320,100,horario
2.817,100.000,60.455,39.545,30.450,-3552,220,-133,87,350,0,0,0.1,10000000,1320,100,horario
2.915,100.000,60.000,40.000,30.800,-3684,220,-132,88,350,0,0,0.1,10000000,1320,100,horario
3.017,100.000,60.000,40.000,30.800,-3817,220,-132,88,350,0,0,0.1,10000000,1320,100,horario
3.117,100.000,60.455,39.545,30.450,-3950,220,-133,87,350,0,0,0.1,10000000,1320,100,horario
3.216,100.000,60.000,40.000,30.800,-4082,220,-132,88,350,0,0,0.1,10000000,1320,100,horario
3.316,100.000,60.455,39.545,30.450,-4215,220,-133,87,350,0,0,0.1,10000000,1320,100,horario
3.411,100.000,60.455,39.545,30.450,-4343,220,-133,87,350,0,0,0.1,10000000,1320,100,horario
3.516,100.000,60.000,40.000,30.800,-4479,220,-132,88,350,0,0,0.1,10000000,1320,100,horario
3.616,100.000,60.000,40.000,30.800,-4612,220,-132,88,350,0,0,0.1,10000000,1320,100,horario
3.715,100.000,60.000,40.000,30.800,-4744,220,-132,88,350,0,0,0.1,10000000,1320,100,horario
3.817,100.000,60.455,39.545,30.450,-4877,220,-133,87,350,0,0,0.1,10000000,1320,100,horario
3.916,100.000,60.455,39.545,30.450,-5009,220,-133,87,350,0,0,0.1,10000000,1320,100,horario
4.016,100.000,60.000,40.000,30.800,-5142,220,-132,88,350,0,0,0.1,10000000,1320,100,horario
4.117,100.000,60.000,40.000,30.800,-5274,220,-132,88,350,0,0,0.1,10000000,1320,100,horario
4.213,100.000,60.455,39.545,30.450,-5404,220,-133,87,350,0,0,0.1,10000000,1320,100,horario
4.316,100.000,60.455,39.545,30.450,-5540,220,-133,87,350,0,0,0.1,10000000,1320,100,horario
4.416,100.000,60.455,39.545,30.450,-5672,220,-133,87,350,0,0,0.1,10000000,1320,100,horario
4.513,100.000,60.000,40.000,30.800,-5802,220,-132,88,350,0,0,0.1,10000000,1320,100,horario
4.616,100.000,60.455,39.545,30.450,-5937,220,-133,87,350,0,0,0.1,10000000,1320,100,horario
4.716,100.000,60.000,40.000,30.800,-6069,220,-132,88,350,0,0,0.1,10000000,1320,100,horario
4.816,100.000,60.000,40.000,30.800,-6202,220,-132,88,350,0,0,0.1,10000000,1320,100,horario
4.916,100.000,60.909,39.091,30.100,-6335,220,-134,86,350,0,0,0.1,10000000,1320,100,horario
5.014,100.000,60.455,39.545,30.450,-6466,220,-133,87,350,0,0,0.1,10000000,1320,100,horario
5.116,100.000,60.000,40.000,30.800,-6601,220,-132,88,350,0,0,0.1,10000000,1320,100,horario
5.216,100.000,60.455,39.545,30.450,-6733,220,-133,87,350,0,0,0.1,10000000,1320,100,horario
5.315,100.000,60.000,40.000,30.800,-6865,220,-132,88,350,0,0,0.1,10000000,1320,100,horario
5.416,100.000,60.455,39.545,30.450,-6999,220,-133,87,350,0,0,0.1,10000000,1320,100,horario
5.516,100.000,60.455,39.545,30.450,-7132,220,-133,87,350,0,0,0.1,10000000,1320,100,horario
5.613,100.000,60.455,39.545,30.450,-7263,220,-133,87,350,0,0,0.1,10000000,1320,100,horario
5.714,100.000,60.455,39.545,30.450,-7396,220,-133,87,350,0,0,0.1,10000000,1320,100,horario
5.816,100.000,60.000,40.000,30.800,-7529,220,-132,88,350,0,0,0.1,10000000,1320,100,horario
5.916,100.000,60.000,40.000,30.800,-7662,220,-132,88,350,0,0,0.1,10000000,1320,100,horario
6.014,100.000,60.909,39.091,30.100,-7793,220,-134,86,350,0,0,0.1,10000000,1320,100,horario
6.116,100.000,60.455,39.545,30.450,-7928,220,-133,87,350,0,0,0.1,10000000,1320,100,horario
6.216,100.000,60.455,39.545,30.450,-8061,220,-133,87,350,0,0,0.1,10000000,1320,100,horario
6.316,100.000,60.000,40.000,30.800,-8193,220,-132,88,350,0,0,0.1,10000000,1320,100,horario
6.416,100.000,60.455,39.545,30.450,-8325,220,-133,87,350,0,0,0.1,10000000,1320,100,horario
6.516,100.000,60.455,39.545,30.450,-8459,220,-133,87,350,0,0,0.1,10000000,1320,100,horario
6.616,100.000,60.000,40.000,30.800,-8592,220,-132,88,350,0,0,0.1,10000000,1320,100,horario
6.715,100.000,60.909,39.091,30.100,-8724,220,-134,86,350,0,0,0.1,10000000,1320,100,horario
6.816,100.000,60.000,40.000,30.800,-8857,220,-132,88,350,0,0,0.1,10000000,1320,100,horario
6.916,100.000,60.455,39.545,30.450,-8989,220,-133,87,350,0,0,0.1,10000000,1320,100,horario
7.016,100.000,60.000,40.000,30.800,-9122,220,-132,88,350,0,0,0.1,10000000,1320,100,horario
7.116,100.000,60.455,39.545,30.450,-9255,220,-133,87,350,0,0,0.1,10000000,1320,100,horario
7.216,100.000,60.455,39.545,30.450,-9387,220,-133,87,350,0,0,0.1,10000000,1320,100,horario
7.316,100.000,60.455,39.545,30.450,-9520,220,-133,87,350,0,0,0.1,10000000,1320,100,horario
7.416,100.000,60.000,40.000,30.800,-9653,220,-132,88,350,0,0,0.1,10000000,1320,100,horario
7.516,100.000,60.455,39.545,30.450,-9786,220,-133,87,350,0,0,0.1,10000000,1320,100,horario
7.616,100.000,60.455,39.545,30.450,-9918,220,-133,87,350,0,0,0.1,10000000,1320,100,horario
7.716,100.000,60.000,40.000,30.800,-10052,220,-132,88,350,0,0,0.1,10000000,1320,100,horario
7.813,100.000,60.909,39.091,30.100,-10182,220,-134,86,350,0,0,0.1,10000000,1320,100,horario
7.915,100.000,60.000,40.000,30.800,-10316,220,-132,88,350,0,0,0.1,10000000,1320,100,horario
8.015,100.000,60.000,40.000,30.800,-10449,220,-132,88,350,0,0,0.1,10000000,1320,100,horario
8.116,200.000,60.909,39.091,30.100,-10585,440,-134,86,350,0,0,0.1,10000000,1320,100,horario
8.215,200.000,60.455,139.545,100.000,-10769,440,-133,307,350,0,0,0.1,10000000,1320,100,horario
8.316,200.000,150.000,50.000,38.500,-11191,440,-330,110,350,0,0,0.1,10000000,1320,100,horario
8.416,200.000,191.364,8.636,6.650,-11578,440,-421,19,350,0,0,0.1,10000000,1320,100,horario
8.515,200.000,157.273,42.727,32.900,-11888,440,-346,94,350,0,0,0.1,10000000,1320,100,horario
8.615,200.000,129.545,70.455,54.250,-12161,440,-285,155,350,0,0,0.1,10000000,1320,100,horario
8.715,200.000,125.000,75.000,57.750,-12445,440,-275,165,350,0,0,0.1,10000000,1320,100,horario
8.815,200.000,132.727,67.273,51.800,-12744,440,-292,148,350,0,0,0.1,10000000,1320,100,horario
8.915,200.000,136.818,63.182,48.650,-13043,440,-301,139,350,0,0,0.1,10000000,1320,100,horario
9.016,200.000,134.545,65.455,50.400,-13337,440,-296,144,350,0,0,0.1,10000000,1320,100,horario
9.112,200.000,132.727,67.273,51.800,-13625,440,-292,148,350,0,0,0.1,10000000,1320,100,horario
9.213,200.000,134.091,65.909,50.750,-13924,440,-295,145,350,0,0,0.1,10000000,1320,100,horario
9.313,200.000,134.091,65.909,50.750,-14221,440,-295,145,350,0,0,0.1,10000000,1320,100,horario
9.412,200.000,134.091,65.909,50.750,-14512,440,-295,145,350,0,0,0.1,10000000,1320,100,horario
9.512,200.000,133.636,66.364,51.100,-14806,440,-294,146,350,0,0,0.1,10000000,1320,100,horario
9.615,200.000,133.636,66.364,51.100,-15105,440,-294,146,350,0,0,0.1,10000000,1320,100,horario
9.715,200.000,134.091,65.909,50.750,-15402,440,-295,145,350,0,0,0.1,10000000,1320,100,horario
9.811,200.000,134.545,65.455,50.400,-15690,440,-296,144,350,0,0,0.1,10000000,1320,100,horario
9.911,200.000,133.636,66.364,51.100,-15983,440,-294,146,350,0,0,0.1,10000000,1320,100,horario
10.013,200.000,133.182,66.818,51.450,-16281,440,-293,147,350,0,0,0.1,10000000,1320,100,horario
10.113,200.000,134.545,65.455,50.400,-16576,440,-296,144,350,0,0,0.1,10000000,1320,100,horario
10.212,200.000,134.545,65.455,50.400,-16871,440,-296,144,350,0,0,0.1,10000000,1320,100,horario
10.312,200.000,133.636,66.364,51.100,-17165,440,-294,146,350,0,0,0.1,10000000,1320,100,horario
10.411,200.000,134.091,65.909,50.750,-17456,440,-295,145,350,0,0,0.1,10000000,1320,100,horario
10.513,200.000,134.091,65.909,50.750,-17756,440,-295,145,350,0,0,0.1,10000000,1320,100,horario
10.613,200.000,134.545,65.455,50.400,-18052,440,-296,144,350,0,0,0.1,10000000,1320,100,horario
10.711,200.000,134.545,65.455,50.400,-18343,440,-296,144,350,0,0,0.1,10000000,1320,100,horario
10.813,200.000,133.182,66.818,51.450,-18641,440,-293,147,350,0,0,0.1,10000000,1320,100,horario
10.912,200.000,134.091,65.909,50.750,-18935,440,-295,145,350,0,0,0.1,10000000,1320,100,horario
11.012,200.000,134.545,65.455,50.400,-19232,440,-296,144,350,0,0,0.1,10000000,1320,100,horario
11.113,200.000,134.545,65.455,50.400,-19527,440,-296,144,350,0,0,0.1,10000000,1320,100,horario
11.213,200.000,134.091,65.909,50.750,-19822,440,-295,145,350,0,0,0.1,10000000,1320,100,horario
11.312,200.000,134.091,65.909,50.750,-20117,440,-295,145,350,0,0,0.1,10000000,1320,100,horario
11.413,200.000,134.545,65.455,50.400,-20413,440,-296,144,350,0,0,0.1,10000000,1320,100,horario
11.512,200.000,134.091,65.909,50.750,-20708,440,-295,145,350,0,0,0.1,10000000,1320,100,horario
11.612,200.000,134.545,65.455,50.400,-21003,440,-296,144,350,0,0,0.1,10000000,1320,100,horario
11.712,200.000,134.091,65.909,50.750,-21299,440,-295,145,350,0,0,0.1,10000000,1320,100,horario
11.812,200.000,134.545,65.455,50.400,-21595,440,-296,144,350,0,0,0.1,10000000,1320,100,horario
11.912,200.000,134.545,65.455,50.400,-21890,440,-296,144,350,0,0,0.1,10000000,1320,100,horario
12.012,200.000,134.545,65.455,50.400,-22186,440,-296,144,350,0,0,0.1,10000000,1320,100,horario
12.112,200.000,134.091,65.909,50.750,-22480,440,-295,145,350,0,0,0.1,10000000,1320,100,horario
12.212,200.000,134.545,65.455,50.400,-22777,440,-296,144,350,0,0,0.1,10000000,1320,100,horario
12.312,200.000,134.545,65.455,50.400,-23073,440,-296,144,350,0,0,0.1,10000000,1320,100,horario
12.411,200.000,134.091,65.909,50.750,-23368,440,-295,145,350,0,0,0.1,10000000,1320,100,horario
12.512,200.000,134.545,65.455,50.400,-23665,440,-296,144,350,0,0,0.1,10000000,1320,100,horario
12.612,200.000,135.000,65.000,50.050,-23961,440,-297,143,350,0,0,0.1,10000000,1320,100,horario
12.712,200.000,134.545,65.455,50.400,-24257,440,-296,144,350,0,0,0.1,10000000,1320,100,horario
12.812,200.000,134.091,65.909,50.750,-24553,440,-295,145,350,0,0,0.1,10000000,1320,100,horario
12.913,200.000,134.545,65.455,50.400,-24850,440,-296,144,350,0,0,0.1,10000000,1320,100,horario
13.012,200.000,135.000,65.000,50.050,-25145,440,-297,143,350,0,0,0.1,10000000,1320,100,horario
13.112,200.000,134.545,65.455,50.400,-25441,440,-296,144,350,0,0,0.1,10000000,1320,100,horario
13.212,200.000,134.091,65.909,50.750,-25737,440,-295,145,350,0,0,0.1,10000000,1320,100,horario
13.312,200.000,135.000,65.000,50.050,-26033,440,-297,143,350,0,0,0.1,10000000,1320,100,horario
13.412,200.000,134.545,65.455,50.400,-26330,440,-296,144,350,0,0,0.1,10000000,1320,100,horario
13.512,200.000,134.545,65.455,50.400,-26626,440,-296,144,350,0,0,0.1,10000000,1320,100,horario
13.612,200.000,134.545,65.455,50.400,-26923,440,-296,144,350,0,0,0.1,10000000,1320,100,horario
13.713,200.000,135.000,65.000,50.050,-27220,440,-297,143,350,0,0,0.1,10000000,1320,100,horario
13.812,200.000,134.545,65.455,50.400,-27515,440,-296,144,350,0,0,0.1,10000000,1320,100,horario
13.912,200.000,135.000,65.000,50.050,-27812,440,-297,143,350,0,0,0.1,10000000,1320,100,horario
14.010,200.000,134.545,65.455,50.400,-28104,440,-296,144,350,0,0,0.1,10000000,1320,100,horario
14.110,200.000,134.545,65.455,50.400,-28401,440,-296,144,350,0,0,0.1,10000000,1320,100,horario
14.212,200.000,134.545,65.455,50.400,-28699,440,-296,144,350,0,0,0.1,10000000,1320,100,horario
14.312,200.000,135.000,65.000,50.050,-28996,440,-297,143,350,0,0,0.1,10000000,1320,100,horario
14.412,200.000,135.000,65.000,50.050,-29294,440,-297,143,350,0,0,0.1,10000000,1320,100,horario
14.512,200.000,134.545,65.455,50.400,-29587,440,-296,144,350,0,0,0.1,10000000,1320,100,horario
14.612,200.000,134.545,65.455,50.400,-29885,440,-296,144,350,0,0,0.1,10000000,1320,100,horario
14.712,200.000,135.000,65.000,50.050,-30181,440,-297,143,350,0,0,0.1,10000000,1320,100,horario
14.812,200.000,134.545,65.455,50.400,-30478,440,-296,144,350,0,0,0.1,10000000,1320,100,horario
14.910,200.000,135.000,65.000,50.050,-30772,440,-297,143,350,0,0,0.1,10000000,1320,100,horario
15.012,200.000,135.000,65.000,50.050,-31071,440,-297,143,350,0,0,0.1,10000000,1320,100,horario
15.112,200.000,134.545,65.455,50.400,-31368,440,-296,144,350,0,0,0.1,10000000,1320,100,horario
15.211,200.000,135.000,65.000,50.050,-31664,440,-297,143,350,0,0,0.1,10000000,1320,100,horario
15.312,200.000,135.000,65.000,50.050,-31962,440,-297,143,350,0,0,0.1,10000000,1320,100,horario
15.412,200.000,135.000,65.000,50.050,-32258,440,-297,143,350,0,0,0.1,10000000,1320,100,horario
15.511,200.000,134.545,65.455,50.400,-32554,440,-296,144,350,0,0,0.1,10000000,1320,100,horario
15.612,200.000,135.000,65.000,50.050,-32851,440,-297,143,350,0,0,0.1,10000000,1320,100,horario
15.714,200.000,135.000,65.000,50.050,-33149,440,-297,143,350,0,0,0.1,10000000,1320,100,horario
15.811,200.000,135.000,65.000,50.050,-33444,440,-297,143,350,0,0,0.1,10000000,1320,100,horario
15.912,200.000,135.000,65.000,50.050,-33742,440,-297,143,350,0,0,0.1,10000000,1320,100,horario
16.011,200.000,135.000,65.000,50.050,-34037,440,-297,143,350,0,0,0.1,10000000,1320,100,horario
16.115,30.000,135.000,65.000,50.050,-34336,66,-297,143,350,0,0,0.1,10000000,1320,100,horario
16.214,30.000,135.000,-105.000,0.000,-34625,66,-297,-231,350,0,0,0.1,10000000,1320,100,horario
16.315,30.000,119.091,-89.091,0.000,-34858,66,-262,-196,350,0,0,0.1,10000000,1320,100,horario
16.415,30.000,90.455,-60.455,0.000,-35032,66,-199,-133,350,0,0,0.1,10000000,1320,100,horario
16.515,30.000,66.364,-36.364,0.000,-35157,66,-146,-80,350,0,0,0.1,10000000,1320,100,horario
16.615,30.000,46.364,-16.364,0.000,-35241,66,-102,-36,350,0,0,0.1,10000000,1320,100,horario
16.715,30.000,29.545,0.455,0.350,-35292,66,-65,1,350,0,0,0.1,10000000,1320,100,horario
16.814,30.000,15.909,14.091,10.850,-35316,66,-35,31,350,0,0,0.1,10000000,1320,100,horario
16.914,30.000,7.727,22.273,17.150,-35329,66,-17,49,350,0,0,0.1,10000000,1320,100,horario
17.011,30.000,5.455,24.545,18.900,-35343,66,-12,54,350,0,0,0.1,10000000,1320,100,horario
17.114,30.000,8.182,21.818,16.800,-35363,66,-18,48,350,0,0,0.1,10000000,1320,100,horario
17.214,30.000,9.545,20.455,15.750,-35384,66,-21,45,350,0,0,0.1,10000000,1320,100,horario
17.312,30.000,8.636,21.364,16.450,-35403,66,-19,47,350,0,0,0.1,10000000,1320,100,horario
17.414,30.000,9.091,20.909,16.100,-35422,66,-20,46,350,0,0,0.1,10000000,1320,100,horario
17.514,30.000,8.636,21.364,16.450,-35441,66,-19,47,350,0,0,0.1,10000000,1320,100,horario
17.611,30.000,8.182,21.818,16.800,-35460,66,-18,48,350,0,0,0.1,10000000,1320,100,horario
17.714,30.000,9.091,20.909,16.100,-35480,66,-20,46,350,0,0,0.1,10000000,1320,100,horario
17.812,30.000,8.636,21.364,16.450,-35499,66,-19,47,350,0,0,0.1,10000000,1320,100,horario
17.914,30.000,8.636,21.364,16.450,-35518,66,-19,47,350,0,0,0.1,10000000,1320,100,horario
18.014,30.000,8.636,21.364,16.450,-35536,66,-19,47,350,0,0,0.1,10000000,1320,100,horario
18.112,30.000,9.091,20.909,16.100,-35556,66,-20,46,350,0,0,0.1,10000000,1320,100,horario
18.211,30.000,8.182,21.818,16.800,-35574,66,-18,48,350,0,0,0.1,10000000,1320,100,horario
18.311,30.000,8.636,21.364,16.450,-35594,66,-19,47,350,0,0,0.1,10000000,1320,100,horario
18.414,30.000,9.091,20.909,16.100,-35614,66,-20,46,350,0,0,0.1,10000000,1320,100,horario
18.511,30.000,8.636,21.364,16.450,-35633,66,-19,47,350,0,0,0.1,10000000,1320,100,horario
18.612,30.000,8.636,21.364,16.450,-35651,66,-19,47,350,0,0,0.1,10000000,1320,100,horario
18.711,30.000,8.636,21.364,16.450,-35670,66,-19,47,350,0,0,0.1,10000000,1320,100,horario
18.812,30.000,8.636,21.364,16.450,-35690,66,-19,47,350,0,0,0.1,10000000,1320,100,horario
18.911,30.000,9.091,20.909,16.100,-35710,66,-20,46,350,0,0,0.1,10000000,1320,100,horario
19.011,30.000,8.636,21.364,16.450,-35728,66,-19,47,350,0,0,0.1,10000000,1320,100,horario
19.114,30.000,8.636,21.364,16.450,-35747,66,-19,47,350,0,0,0.1,10000000,1320,100,horario
19.214,30.000,8.636,21.364,16.450,-35767,66,-19,47,350,0,0,0.1,10000000,1320,100,horario
19.312,30.000,8.636,21.364,16.450,-35785,66,-19,47,350,0,0,0.1,10000000,1320,100,horario
19.412,30.000,8.636,21.364,16.450,-35805,66,-19,47,350,0,0,0.1,10000000,1320,100,horario
19.514,30.000,9.091,20.909,16.100,-35825,66,-20,46,350,0,0,0.1,10000000,1320,100,horario
19.614,30.000,8.636,21.364,16.450,-35843,66,-19,47,350,0,0,0.1,10000000,1320,100,horario
19.713,30.000,8.636,21.364,16.450,-35862,66,-19,47,350,0,0,0.1,10000000,1320,100,horario
19.814,30.000,8.636,21.364,16.450,-35882,66,-19,47,350,0,0,0.1,10000000,1320,100,horario
19.914,30.000,8.182,21.818,16.800,-35901,66,-18,48,350,0,0,0.1,10000000,1320,100,horario
20.013,30.000,9.545,20.455,15.750,-35920,66,-21,45,350,0,0,0.1,10000000,1320,100,horario
20.114,30.000,8.636,21.364,16.450,-35940,66,-19,47,350,0,0,0.1,10000000,1320,100,horario
20.213,30.000,8.636,21.364,16.450,-35958,66,-19,47,350,0,0,0.1,10000000,1320,100,horario
20.313,30.000,8.636,21.364,16.450,-35977,66,-19,47,350,0,0,0.1,10000000,1320,100,horario
20.411,30.000,8.636,21.364,16.450,-35996,66,-19,47,350,0,0,0.1,10000000,1320,100,horario
20.513,30.000,8.182,21.818,16.800,-36016,66,-18,48,350,0,0,0.1,10000000,1320,100,horario
20.612,30.000,9.545,20.455,15.750,-36036,66,-21,45,350,0,0,0.1,10000000,1320,100,horario
20.730,30.000,8.636,21.364,16.450,-36058,66,-19,47,350,0,0,0.1,10000000,1320,100,horario
20.812,30.000,8.182,21.818,16.800,-36073,66,-18,48,350,0,0,0.1,10000000,1320,100,horario
20.912,30.000,9.091,20.909,16.100,-36093,66,-20,46,350,0,0,0.1,10000000,1320,100,horario
21.024,30.000,8.636,21.364,16.450,-36114,66,-19,47,350,0,0,0.1,10000000,1320,100,horario
21.113,30.000,8.636,21.364,16.450,-36131,66,-19,47,350,0,0,0.1,10000000,1320,100,horario
21.212,30.000,9.091,20.909,16.100,-36150,66,-20,46,350,0,0,0.1,10000000,1320,100,horario
21.314,30.000,8.636,21.364,16.450,-36169,66,-19,47,350,0,0,0.1,10000000,1320,100,horario
21.415,30.000,8.182,21.818,16.800,-36188,66,-18,48,350,0,0,0.1,10000000,1320,100,horario
21.512,30.000,8.636,21.364,16.450,-36208,66,-19,47,350,0,0,0.1,10000000,1320,100,horario
21.611,30.000,9.091,20.909,16.100,-36226,66,-20,46,350,0,0,0.1,10000000,1320,100,horario
21.711,30.000,8.636,21.364,16.450,-36246,66,-19,47,350,0,0,0.1,10000000,1320,100,horario
21.816,30.000,8.636,21.364,16.450,-36266,66,-19,47,350,0,0,0.1,10000000,1320,100,horario
21.911,30.000,9.091,20.909,16.100,-36284,66,-20,46,350,0,0,0.1,10000000,1320,100,horario
22.022,30.000,8.636,21.364,16.450,-36305,66,-19,47,350,0,0,0.1,10000000,1320,100,horario
22.111,30.000,8.182,21.818,16.800,-36322,66,-18,48,350,0,0,0.1,10000000,1320,100,horario
22.211,30.000,8.636,21.364,16.450,-36341,66,-19,47,350,0,0,0.1,10000000,1320,100,horario
22.311,30.000,9.091,20.909,16.100,-36360,66,-20,46,350,0,0,0.1,10000000,1320,100,horario
22.414,30.000,8.636,21.364,16.450,-36380,66,-19,47,350,0,0,0.1,10000000,1320,100,horario
22.523,30.000,8.636,21.364,16.450,-36400,66,-19,47,350,0,0,0.1,10000000,1320,100,horario
22.618,30.000,8.182,21.818,16.800,-36417,66,-18,48,350,0,0,0.1,10000000,1320,100,horario
22.727,30.000,9.091,20.909,16.100,-36439,66,-20,46,350,0,0,0.1,10000000,1320,100,horario
22.820,30.000,8.182,21.818,16.800,-36456,66,-18,48,350,0,0,0.1,10000000,1320,100,horario
22.914,30.000,9.091,20.909,16.100,-36475,66,-20,46,350,0,0,0.1,10000000,1320,100,horario
23.023,30.000,8.636,21.364,16.450,-36495,66,-19,47,350,0,0,0.1,10000000,1320,100,horario
23.123,30.000,8.182,21.818,16.800,-36513,66,-18,48,350,0,0,0.1,10000000,1320,100,horario
23.212,30.000,8.636,21.364,16.450,-36531,66,-19,47,350,0,0,0.1,10000000,1320,100,horario
23.322,30.000,8.636,21.364,16.450,-36551,66,-19,47,350,0,0,0.1,10000000,1320,100,horario
23.415,30.000,9.091,20.909,16.100,-36570,66,-20,46,350,0,0,0.1,10000000,1320,100,horario
23.525,30.000,8.182,21.818,16.800,-36590,66,-18,48,350,0,0,0.1,10000000,1320,100,horario
23.619,30.000,8.636,21.364,16.450,-36608,66,-19,47,350,0,0,0.1,10000000,1320,100,horario
23.713,30.000,9.091,20.909,16.100,-36626,66,-20,46,350,0,0,0.1,10000000,1320,100,horario
23.822,30.000,8.182,21.818,16.800,-36647,66,-18,48,350,0,0,0.1,10000000,1320,100,horario
23.918,30.000,8.636,21.364,16.450,-36665,66,-19,47,350,0,0,0.1,10000000,1320,100,horario
24.027,30.000,8.636,21.364,16.450,-36686,66,-19,47,350,0,0,0.1,10000000,1320,100,horario
24.118,100.000,9.091,20.909,16.100,-36704,220,-20,46,350,0,0,0.1,10000000,1320,100,horario
24.216,100.000,8.636,91.364,70.350,-36746,220,-19,201,350,0,0,0.1,10000000,1320,100,horario
24.327,100.000,50.000,50.000,38.500,-36933,220,-110,110,350,0,0,0.1,10000000,1320,100,horario
24.419,100.000,85.000,15.000,11.550,-37102,220,-187,33,350,0,0,0.1,10000000,1320,100,horario
24.513,100.000,75.909,24.091,18.550,-37240,220,-167,53,350,0,0,0.1,10000000,1320,100,horario
24.625,100.000,59.545,40.455,31.150,-37376,220,-131,89,350,0,0,0.1,10000000,1320,100,horario
24.718,100.000,55.455,44.545,34.300,-37495,220,-122,98,350,0,0,0.1,10000000,1320,100,horario
24.829,100.000,60.000,40.000,30.800,-37645,220,-132,88,350,0,0,0.1,10000000,1320,100,horario
24.921,100.000,62.727,37.273,28.700,-37774,220,-138,82,350,0,0,0.1,10000000,1320,100,horario
25.017,100.000,61.818,38.182,29.400,-37902,220,-136,84,350,0,0,0.1,10000000,1320,100,horario
25.127,100.000,60.909,39.091,30.100,-38048,220,-134,86,350,0,0,0.1,10000000,1320,100,horario
25.222,100.000,60.000,40.000,30.800,-38174,220,-132,88,350,0,0,0.1,10000000,1320,100,horario
25.316,100.000,60.909,39.091,30.100,-38302,220,-134,86,350,0,0,0.1,10000000,1320,100,horario
25.425,100.000,61.364,38.636,29.750,-38449,220,-135,85,350,0,0,0.1,10000000,1320,100,horario
25.520,100.000,61.364,38.636,29.750,-38576,220,-135,85,350,0,0,0.1,10000000,1320,100,horario
25.616,100.000,60.455,39.545,30.450,-38703,220,-133,87,350,0,0,0.1,10000000,1320,100,horario
25.724,100.000,60.455,39.545,30.450,-38848,220,-133,87,350,0,0,0.1,10000000,1320,100,horario
25.819,100.000,61.364,38.636,29.750,-38977,220,-135,85,350,0,0,0.1,10000000,1320,100,horario
25.929,100.000,61.364,38.636,29.750,-39122,220,-135,85,350,0,0,0.1,10000000,1320,100,horario
26.020,100.000,60.455,39.545,30.450,-39246,220,-133,87,350,0,0,0.1,10000000,1320,100,horario
26.115,100.000,60.909,39.091,30.100,-39373,220,-134,86,350,0,0,0.1,10000000,1320,100,horario
26.224,100.000,61.364,38.636,29.750,-39520,220,-135,85,350,0,0,0.1,10000000,1320,100,horario
26.320,100.000,60.909,39.091,30.100,-39648,220,-134,86,350,0,0,0.1,10000000,1320,100,horario
26.417,100.000,60.909,39.091,30.100,-39779,220,-134,86,350,0,0,0.1,10000000,1320,100,horario
26.524,100.000,61.364,38.636,29.750,-39923,220,-135,85,350,0,0,0.1,10000000,1320,100,horario
26.619,100.000,60.909,39.091,30.100,-40051,220,-134,86,350,0,0,0.1,10000000,1320,100,horario
26.715,100.000,60.909,39.091,30.100,-40180,220,-134,86,350,0,0,0.1,10000000,1320,100,horario
26.827,100.000,61.364,38.636,29.750,-40331,220,-135,85,350,0,0,0.1,10000000,1320,100,horario
26.922,100.000,60.909,39.091,30.100,-40458,220,-134,86,350,0,0,0.1,10000000,1320,100,horario
27.017,100.000,61.364,38.636,29.750,-40586,220,-135,85,350,0,0,0.1,10000000,1320,100,horario
27.126,100.000,60.909,39.091,30.100,-40732,220,-134,86,350,0,0,0.1,10000000,1320,100,horario
27.220,100.000,61.364,38.636,29.750,-40859,220,-135,85,350,0,0,0.1,10000000,1320,100,horario
27.315,100.000,60.909,39.091,30.100,-40986,220,-134,86,350,0,0,0.1,10000000,1320,100,horario
27.425,100.000,61.364,38.636,29.750,-41134,220,-135,85,350,0,0,0.1,10000000,1320,100,horario
27.521,100.000,61.364,38.636,29.750,-41263,220,-135,85,350,0,0,0.1,10000000,1320,100,horario
27.614,100.000,60.909,39.091,30.100,-41390,220,-134,86,350,0,0,0.1,10000000,1320,100,horario
27.724,100.000,61.364,38.636,29.750,-41537,220,-135,85,350,0,0,0.1,10000000,1320,100,horario
27.818,100.000,61.364,38.636,29.750,-41664,220,-135,85,350,0,0,0.1,10000000,1320,100,horario
27.927,100.000,61.364,38.636,29.750,-41811,220,-135,85,350,0,0,0.1,10000000,1320,100,horario
28.022,100.000,61.364,38.636,29.750,-41939,220,-135,85,350,0,0,0.1,10000000,1320,100,horario
28.117,100.000,60.909,39.091,30.100,-42067,220,-134,86,350,0,0,0.1,10000000,1320,100,horario
28.225,100.000,61.818,38.182,29.400,-42213,220,-136,84,350,0,0,0.1,10000000,1320,100,horario
28.321,100.000,61.364,38.636,29.750,-42342,220,-135,85,350,0,0,0.1,10000000,1320,100,horario
28.417,100.000,60.909,39.091,30.100,-42471,220,-134,86,350,0,0,0.1,10000000,1320,100,horario
28.528,100.000,61.364,38.636,29.750,-42620,220,-135,85,350,0,0,0.1,10000000,1320,100,horario
28.622,100.000,61.364,38.636,29.750,-42748,220,-135,85,350,0,0,0.1,10000000,1320,100,horario
28.716,100.000,61.364,38.636,29.750,-42876,220,-135,85,350,0,0,0.1,10000000,1320,100,horario
28.825,100.000,61.818,38.182,29.400,-43022,220,-136,84,350,0,0,0.1,10000000,1320,100,horario
28.919,100.000,60.909,39.091,30.100,-43149,220,-134,86,350,0,0,0.1,10000000,1320,100,horario
29.015,100.000,61.364,38.636,29.750,-43279,220,-135,85,350,0,0,0.1,10000000,1320,100,horario
29.124,100.000,61.364,38.636,29.750,-43427,220,-135,85,350,0,0,0.1,10000000,1320,100,horario
29.219,100.000,61.818,38.182,29.400,-43554,220,-136,84,350,0,0,0.1,10000000,1320,100,horario
29.328,100.000,60.909,39.091,30.100,-43701,220,-134,86,350,0,0,0.1,10000000,1320,100,horario
29.421,100.000,61.364,38.636,29.750,-43828,220,-135,85,350,0,0,0.1,10000000,1320,100,horario
29.513,100.000,61.818,38.182,29.400,-43954,220,-136,84,350,0,0,0.1,10000000,1320,100,horario
29.625,100.000,61.364,38.636,29.750,-44103,220,-135,85,350,0,0,0.1,10000000,1320,100,horario
29.719,100.000,61.364,38.636,29.750,-44230,220,-135,85,350,0,0,0.1,10000000,1320,100,horario
29.828,100.000,61.364,38.636,29.750,-44377,220,-135,85,350,0,0,0.1,10000000,1320,100,horario
29.912,100.000,61.818,38.182,29.400,-44493,220,-136,84,350,0,0,0.1,10000000,1320,100,horario
30.018,100.000,61.364,38.636,29.750,-44635,220,-135,85,350,0,0,0.1,10000000,1320,100,horario
30.128,100.000,61.364,38.636,29.750,-44783,220,-135,85,350,0,0,0.1,10000000,1320,100,horario
30.221,100.000,61.818,38.182,29.400,-44910,220,-136,84,350,0,0,0.1,10000000,1320,100,horario
30.315,100.000,60.909,39.091,30.100,-45037,220,-134,86,350,0,0,0.1,10000000,1320,100,horario
30.426,100.000,61.818,38.182,29.400,-45186,220,-136,84,350,0,0,0.1,10000000,1320,100,horario
30.520,100.000,61.364,38.636,29.750,-45314,220,-135,85,350,0,0,0.1,10000000,1320,100,horario
30.615,100.000,61.364,38.636,29.750,-45443,220,-135,85,350,0,0,0.1,10000000,1320,100,horario
30.725,100.000,61.818,38.182,29.400,-45592,220,-136,84,350,0,0,0.1,10000000,1320,100,horario
30.818,100.000,61.364,38.636,29.750,-45718,220,-135,85,350,0,0,0.1,10000000,1320,100,horario
30.911,100.000,61.364,38.636,29.750,-45845,220,-135,85,350,0,0,0.1,10000000,1320,100,horario
31.021,100.000,61.818,38.182,29.400,-45995,220,-136,84,350,0,0,0.1,10000000,1320,100,horario
31.117,100.000,61.364,38.636,29.750,-46123,220,-135,85,350,0,0,0.1,10000000,1320,100,horario
31.213,100.000,61.818,38.182,29.400,-46253,220,-136,84,350,0,0,0.1,10000000,1320,100,horario
31.321,100.000,61.364,38.636,29.750,-46398,220,-135,85,350,0,0,0.1,10000000,1320,100,horario
31.415,100.000,61.364,38.636,29.750,-46526,220,-135,85,350,0,0,0.1,10000000,1320,100,horario
31.525,100.000,61.818,38.182,29.400,-46676,220,-136,84,350,0,0,0.1,10000000,1320,100,horario
31.620,100.000,61.818,38.182,29.400,-46804,220,-136,84,350,0,0,0.1,10000000,1320,100,horario
31.712,100.000,61.364,38.636,29.750,-46930,220,-135,85,350,0,0,0.1,10000000,1320,100,horario
31.822,100.000,61.818,38.182,29.400,-47078,220,-136,84,350,0,0,0.1,10000000,1320,100,horario
31.915,100.000,61.364,38.636,29.750,-47204,220,-135,85,350,0,0,0.1,10000000,1320,100,horario
32.013,100.000,61.364,38.636,29.750,-47336,220,-135,85,350,0,0,0.1,10000000,1320,100,horario