tiempo_s,duty,pulsos_por_segundo
0.02005,0,0
0.04007,0,0
0.06008,0,0
0.0801,0,0
0.10014,0,0
0.12018,0,0
0.14024,0,0
0.16024,0,0
0.18028,0,0
0.20032,0,0
0.22035,0,0
0.24037,0,0
0.2604,0,0
0.28042,0,0
0.30045,0,0
0.32046,0,0
0.3405,0,0
0.36052,0,0
0.38054,0,0
0.40054,0,0
0.42058,0,0
0.44062,0,0
0.46064,0,0
0.48069,0,0
0.50069,0,0
0.52069,0,0
0.54073,0,0
0.56076,0,0
0.58081,0,0
0.60084,0,0
0.62088,0,0
0.64092,0,0
0.66094,0,0
0.68099,0,0
0.70099,0,0
0.72102,0,0
0.74102,0,0
0.76107,0,0
0.7811,0,0
0.80115,0,0
0.82115,0,0
0.84118,0,0
0.86121,0,0
0.88126,0,0
0.90132,0,0
0.92135,0,0
0.94137,0,0
0.9614,0,0
0.9814,0,0
1.00142,0,0
1.02145,0,0
1.04147,0,0
1.0615,0,0
1.08154,0,0
1.10154,0,0
1.12158,0,0
1.14158,0,0
1.16161,0,0
1.18165,0,0
1.20167,0,0
1.2217,0,0
1.24173,0,0
1.26173,0,0
1.28178,0,0
1.3018,0,0
1.32182,0,0
1.34187,0,0
1.36191,0,0
1.38194,0,0
1.40199,0,0
1.42201,0,0
1.44205,0,0
1.46208,0,0
1.4821,0,0
1.50212,0,0
1.52213,0,0
1.54214,0,0
1.56216,0,0
1.58216,0,0
1.60217,0,0
1.6222,0,0
1.6422,0,0
1.66221,0,0
1.68223,0,0
1.70226,0,0
1.7223,0,0
1.74234,0,0
1.76234,0,0
1.78235,0,0
1.80236,0,0
1.8224,0,0
1.8424,0,0
1.86245,0,0
1.88248,0,0
1.90251,0,0
1.92252,0,0
1.94256,0,0
1.96256,0,0
1.98258,0,0
2.00263,0.4,0
2.02264,0.4,-49.98
2.04268,0.4,-49.89
2.06272,0.4,-99.82
2.08272,0.4,-150
2.10275,0.4,-149.76
2.1228,0.4,-199.442
2.14285,0.4,-249.451
2.16289,0.4,-249.501
2.1829,0.4,-249.9
2.20294,0.4,-299.341
2.22298,0.4,-349.301
2.24299,0.4,-299.88
2.26303,0.4,-399.122
2.28304,0.4,-349.93
2.30305,0.4,-399.76
2.32306,0.4,-399.76
2.34311,0.4,-448.923
2.36312,0.4,-449.73
2.38314,0.4,-449.55
2.4032,0.4,-448.654
2.42322,0.4,-499.401
2.44326,0.4,-449.102
2.46332,0.4,-498.703
2.48333,0.4,-549.67
2.50336,0.4,-499.102
2.52337,0.4,-499.8
2.5434,0.4,-549.121
2.56344,0.4,-549.121
2.58349,0.4,-548.574
2.60353,0.4,-548.902
2.62353,0.4,-600
2.64355,0.4,-549.341
2.6636,0.4,-598.563
2.68361,0.4,-549.78
2.70364,0.4,-599.042
2.72367,0.4,-599.042
2.74368,0.4,-599.76
2.76371,0.4,-599.042
2.78375,0.4,-598.802
2.80379,0.4,-598.802
2.82382,0.4,-649.221
2.84385,0.4,-599.042
2.8639,0.4,-648.444
2.88392,0.4,-599.161
2.90395,0.4,-649.221
2.92399,0.4,-648.573
2.94399,0.4,-600
2.964,0.4,-649.61
2.98404,0.4,-648.832
3.00406,0.4,-649.48
3.02408,0.4,-649.091
3.04414,0.4,-648.314
3.06419,0.4,-648.314
3.08421,0.4,-649.351
3.10427,0.4,-648.056
3.1243,0.4,-648.832
3.14431,0.4,-649.87
3.16437,0.4,-647.927
3.1844,0.4,-649.221
3.2044,0.4,-699.86
3.22442,0.4,-649.221
3.24445,0.4,-649.091
3.26448,0.4,-698.882
3.28453,0.4,-648.573
3.30454,0.4,-649.74
3.32456,0.4,-699.161
3.34461,0.4,-648.444
3.36461,0.4,-700
3.38463,0.4,-649.351
3.40468,0.4,-698.045
3.42472,0.4,-648.962
3.44475,0.4,-698.882
3.46477,0.4,-699.301
3.48481,0.4,-648.573
3.50485,0.4,-698.603
3.52486,0.4,-649.61
3.54486,0.4,-700
3.56489,0.4,-699.021
3.5849,0.4,-649.74
3.60494,0.4,-698.603
3.62499,0.4,-698.324
3.64499,0.4,-649.87
3.66504,0.4,-698.463
3.68507,0.4,-698.882
3.70512,0.4,-698.045
3.72514,0.4,-649.61
3.74516,0.4,-699.021
3.76518,0.4,-699.44
3.78523,0.4,-698.185
3.80526,0.4,-699.021
3.82533,0.4,-697.628
3.84536,0.4,-648.962
3.86537,0.4,-699.58
3.88539,0.4,-699.44
3.90541,0.4,-699.161
3.92547,0.4,-698.045
3.94548,0.4,-699.58
3.9655,0.4,-699.44
3.98551,0.4,-649.48
4.00556,0.4,-698.324
4.02558,0.4,-699.44
4.0456,0.4,-699.021
4.06566,0.4,-698.045
4.08571,0.4,-698.324
4.10574,0.4,-699.021
4.12574,0.4,-700
4.14576,0.4,-699.301
4.16578,0.4,-699.301
4.18578,0.4,-699.86
4.20579,0.4,-699.72
4.22584,0.4,-698.324
4.24586,0.4,-699.021
4.26589,0.4,-699.021
4.2859,0.4,-699.58
4.30591,0.4,-649.74
4.32594,0.4,-698.882
4.34598,0.4,-698.603
4.36599,0.4,-699.72
4.38602,0.4,-699.021
4.40607,0.4,-698.324
4.42608,0.4,-699.58
4.4461,0.4,-699.44
4.46613,0.4,-698.882
4.48617,0.4,-698.603
4.50618,0.4,-699.58
4.52621,0.4,-698.882
4.54622,0.4,-699.72
4.56625,0.4,-698.882
4.58628,0.4,-699.021
4.60633,0.4,-698.185
4.62634,0.4,-749.55
4.64639,0.4,-698.463
4.66642,0.4,-698.882
4.68647,0.4,-698.324
4.70651,0.4,-698.603
4.72655,0.4,-698.603
4.74658,0.4,-699.021
4.76658,0.4,-699.72
4.78661,0.4,-699.161
4.80662,0.4,-699.72
4.82666,0.4,-698.324
4.84669,0.4,-699.161
4.86669,0.4,-699.86
4.88672,0.4,-699.161
4.90676,0.4,-698.603
4.92681,0.4,-698.185
4.94681,0.4,-700
4.96682,0.4,-699.72
4.98684,0.4,-699.301
5.00688,0.4,-698.324
5.02692,0.4,-698.882
5.04692,0.4,-699.86
5.06695,0.4,-698.882
5.08699,0.4,-698.742
5.10699,0.4,-700
5.12699,0.4,-699.86
5.14702,0.4,-699.161
5.16706,0.4,-748.354
5.18706,0.4,-700
5.20708,0.4,-699.161
5.22713,0.4,-698.463
5.24715,0.4,-699.301
5.26715,0.4,-700
5.2872,0.4,-698.185
5.3072,0.4,-699.86
5.32721,0.4,-699.72
5.34724,0.4,-699.021
5.36725,0.4,-699.58
5.38727,0.4,-699.44
5.40729,0.4,-699.301
5.42734,0.4,-698.324
5.44735,0.4,-699.44
5.46738,0.4,-748.802
5.48742,0.4,-698.882
5.50747,0.4,-698.045
5.5275,0.4,-699.161
5.54756,0.4,-697.906
5.56757,0.4,-699.58
5.58763,0.4,-697.906
5.60766,0.4,-698.882
5.62772,0.4,-698.045
5.64773,0.4,-699.44
5.66778,0.4,-748.055
5.68781,0.4,-699.161
5.70785,0.4,-698.603
5.72788,0.4,-699.021
5.74789,0.4,-699.44
5.76792,0.4,-699.021
5.78795,0.4,-699.021
5.80796,0.4,-699.72
5.82802,0.4,-747.757
5.84805,0.4,-698.742
5.86806,0.4,-699.86
5.88806,0.4,-699.72
5.90808,0.4,-699.301
5.92813,0.4,-698.463
5.94817,0.4,-698.603
5.96818,0.4,-699.44
5.98823,0.4,-698.463
6.00823,0.6,-749.85
6.02825,0.6,-699.301
6.04829,0.6,-748.503
6.06832,0.6,-799.041
6.08833,0.6,-799.361
6.10838,0.6,-797.925
6.12839,0.6,-799.68
6.14842,0.6,-848.981
6.16842,0.6,-899.64
6.18847,0.6,-847.965
6.20853,0.6,-897.308
6.22857,0.6,-898.204
6.24859,0.6,-899.281
6.26861,0.6,-899.101
6.28862,0.6,-949.62
6.30866,0.6,-947.915
6.32869,0.6,-898.742
6.34875,0.6,-997.009
6.36876,0.6,-949.43
6.3888,0.6,-948.104
6.40884,0.6,-947.915
6.42888,0.6,-998.004
6.44889,0.6,-949.81
6.46889,0.6,-1000
6.48892,0.6,-998.602
6.50893,0.6,-999.201
6.52893,0.6,-950
6.54894,0.6,-999.6
6.56897,0.6,-998.602
6.58903,0.6,-1046.859
6.6091,0.6,-996.612
6.62912,0.6,-998.602
6.64916,0.6,-998.403
6.66918,0.6,-1048.742
6.68922,0.6,-997.805
6.70923,0.6,-999.6
6.72928,0.6,-1047.277
6.74929,0.6,-999.6
6.76932,0.6,-1048.323
6.78938,0.6,-997.208
6.80944,0.6,-1046.859
6.8295,0.6,-1047.068
6.84951,0.6,-999.201
6.86954,0.6,-1048.323
6.88962,0.6,-1046.234
6.90967,0.6,-997.208
6.92969,0.6,-1048.951
6.94975,0.6,-1046.859
6.96978,0.6,-998.801
6.98983,0.6,-1047.277
7.00984,0.6,-1049.37
7.02989,0.6,-1047.486
7.0499,0.6,-1049.58
7.06994,0.6,-997.805
7.09,0.6,-1046.859
7.11,0.6,-1049.79
7.13001,0.6,-1049.79
7.15004,0.6,-1048.532
7.1701,0.6,-1046.442
7.19013,0.6,-998.801
7.21016,0.6,-1048.323
7.23021,0.6,-1047.277
7.25024,0.6,-1048.323
7.27028,0.6,-1048.323
7.29028,0.6,-1050
7.31029,0.6,-1049.161
7.33035,0.6,-1046.859
7.35038,0.6,-1048.532
7.3704,0.6,-1049.161
7.39042,0.6,-1048.951
7.41047,0.6,-1047.277
7.43047,0.6,-1049.79
7.45048,0.6,-1049.79
7.4705,0.6,-1048.742
7.49055,0.6,-1047.486
7.51059,0.6,-1047.904
7.53065,0.6,-1046.651
7.55065,0.6,-1050
7.57067,0.6,-1049.161
7.5907,0.6,-1048.113
7.61074,0.6,-1047.904
7.6308,0.6,-1047.068
7.65081,0.6,-1049.58
7.67084,0.6,-1048.323
7.69086,0.6,-1048.951
7.71086,0.6,-1049.79
7.7309,0.6,-1048.113
7.7509,0.6,-1050
7.77094,0.6,-1047.904
7.79098,0.6,-1047.695
7.81101,0.6,-1048.532
7.83106,0.6,-1097.366
7.8511,0.6,-1047.904
7.87111,0.6,-1049.37
7.89112,0.6,-1049.79
7.91114,0.6,-1048.742
7.9312,0.6,-1047.068
7.95123,0.6,-1048.113
7.9713,0.6,-1046.651
7.99133,0.6,-1048.323
8.0114,0.6,-1096.273
8.03144,0.6,-1047.486
8.0515,0.6,-1046.859
8.07151,0.6,-1049.79
8.09152,0.6,-1049.161
8.11156,0.6,-1048.113
8.1316,0.6,-1048.113
8.15162,0.6,-1048.742
8.17166,0.6,-1098.024
8.19168,0.6,-1048.951
8.21174,0.6,-1046.859
8.23174,0.6,-1049.58
8.25179,0.6,-1047.695
8.27184,0.6,-1047.486
8.29186,0.6,-1048.742
8.31189,0.6,-1098.243
8.33194,0.6,-1047.277
8.35196,0.6,-1049.161
8.37201,0.6,-1047.277
8.39202,0.6,-1049.79
8.41208,0.6,-1096.71
8.43214,0.6,-1046.859
8.45216,0.6,-1048.742
8.47222,0.6,-1047.068
8.49222,0.6,-1049.58
8.51225,0.6,-1098.462
8.53229,0.6,-1048.113
8.55233,0.6,-1047.695
8.57238,0.6,-1047.486
8.59244,0.6,-1047.068
8.61245,0.6,-1099.34
8.63249,0.6,-1047.904
8.65254,0.6,-1047.068
8.67255,0.6,-1049.79
8.69258,0.6,-1048.113
8.71264,0.6,-1096.929
8.73265,0.6,-1049.58
8.75265,0.6,-1050
8.77266,0.6,-1049.161
8.79268,0.6,-1099.121
8.81269,0.6,-1049.37
8.8327,0.6,-1049.37
8.85275,0.6,-1047.695
8.87279,0.6,-1047.904
8.89281,0.6,-1098.682
8.91286,0.6,-1047.277
8.93289,0.6,-1048.742
8.95289,0.6,-1050
8.97294,0.6,-1097.147
8.99295,0.6,-1049.58
9.01298,0.6,-1048.113
9.033,0.6,-1099.34
9.05304,0.6,-1047.904
9.07308,0.6,-1047.904
9.09313,0.6,-1047.068
9.11316,0.6,-1098.462
9.13318,0.6,-1049.161
9.15324,0.6,-1046.859
9.17324,0.6,-1049.58
9.19329,0.6,-1097.366
9.21334,0.6,-1047.486
9.23339,0.6,-1047.277
9.25342,0.6,-1098.462
9.27346,0.6,-1047.904
9.29347,0.6,-1049.58
9.31352,0.6,-1047.277
9.33356,0.6,-1097.585
9.35356,0.6,-1050
9.37358,0.6,-1049.37
9.39358,0.6,-1099.56
9.41364,0.6,-1046.859
9.43367,0.6,-1048.742
9.45367,0.6,-1050
9.47371,0.6,-1097.585
9.49373,0.6,-1048.951
9.51375,0.6,-1049.161
9.53375,0.6,-1049.79
9.55378,0.6,-1098.243
9.57382,0.6,-1048.113
9.59388,0.6,-1046.859
9.6139,0.6,-1099.121
9.63396,0.6,-1046.859
9.65402,0.6,-1046.859
9.67402,0.6,-1100
9.69403,0.6,-1049.161
9.71406,0.6,-1048.323
9.73407,0.6,-1099.78
9.75407,0.6,-1050
9.77408,0.6,-1049.58
9.79412,0.6,-1047.486
9.81418,0.6,-1097.147
9.83424,0.6,-1046.859
9.85429,0.6,-1096.929
9.87433,0.6,-1047.904
9.89433,0.6,-1050
9.91438,0.6,-1097.585
9.93441,0.6,-1048.323
9.95446,0.6,-1047.277
9.9745,0.6,-1098.024
9.99456,0.6,-1046.859
10.0146,0.4,-1047.904
10.03464,0.4,-1047.486
10.05466,0.4,-1049.161
10.07467,0.4,-999.6
10.0947,0.4,-998.203
10.11477,0.4,-996.81
10.13482,0.4,-997.606
10.15485,0.4,-948.482
10.17489,0.4,-947.915
10.1949,0.4,-949.62
10.2149,0.4,-949.81
10.23492,0.4,-899.46
10.25493,0.4,-899.281
10.27495,0.4,-949.051
10.29498,0.4,-848.981
10.31498,0.4,-899.82
10.33502,0.4,-898.204
10.35503,0.4,-849.49
10.37507,0.4,-848.303
10.3951,0.4,-898.742
10.41518,0.4,-846.782
10.43521,0.4,-798.563
10.45522,0.4,-849.66
10.47526,0.4,-848.303
10.49526,0.4,-800
10.51532,0.4,-847.458
10.53534,0.4,-799.361
10.55537,0.4,-798.563
10.57542,0.4,-847.796
10.59549,0.4,-797.289
10.61556,0.4,-797.448
10.63562,0.4,-797.607
10.65568,0.4,-797.448
10.67574,0.4,-747.757
10.69576,0.4,-799.361
10.7158,0.4,-798.403
10.73582,0.4,-748.951
10.75586,0.4,-798.563
10.77589,0.4,-748.802
10.79596,0.4,-797.448
10.81598,0.4,-749.101
10.83598,0.4,-799.84
10.85602,0.4,-748.802
10.87608,0.4,-747.608
10.89614,0.4,-797.607
10.91617,0.4,-748.802
10.93624,0.4,-747.608
10.95627,0.4,-748.802
10.97627,0.4,-750
10.9963,0.4,-748.802
11.01633,0.4,-748.951
11.03633,0.4,-750
11.05633,0.4,-749.85
11.07634,0.4,-749.7
11.09638,0.4,-748.503
11.11644,0.4,-747.757
11.13648,0.4,-748.354
11.15653,0.4,-748.204
11.17658,0.4,-748.204
11.19659,0.4,-749.7
11.2166,0.4,-749.55
11.23661,0.4,-699.58
11.25663,0.4,-749.401
11.27667,0.4,-748.503
11.29673,0.4,-747.757
11.31674,0.4,-749.55
11.3368,0.4,-697.906
11.35682,0.4,-749.251
11.37688,0.4,-747.757
11.39693,0.4,-698.324
11.41696,0.4,-748.802
11.43696,0.4,-750
11.45697,0.4,-699.58
11.47697,0.4,-750
11.497,0.4,-699.161
11.517,0.4,-750
11.53703,0.4,-748.802
11.55709,0.4,-697.906
11.57714,0.4,-748.204
11.59716,0.4,-749.101
11.61721,0.4,-698.324
11.63723,0.4,-749.251
11.65724,0.4,-699.58
11.67729,0.4,-748.204
11.69733,0.4,-698.603
11.71739,0.4,-747.608
11.7374,0.4,-749.55
11.75746,0.4,-698.185
11.77748,0.4,-749.101
11.7975,0.4,-699.301
11.81755,0.4,-748.204
11.83758,0.4,-748.652
11.85759,0.4,-699.72
11.87763,0.4,-748.652
11.89766,0.4,-698.742
11.91768,0.4,-749.401
11.93773,0.4,-698.324
11.95774,0.4,-749.401
11.97779,0.4,-698.463
11.99781,0.4,-749.101
12.01784,0.4,-748.951
12.03785,0.4,-699.58
12.05789,0.4,-748.503
12.07791,0.4,-699.301
12.09791,0.4,-750
12.11797,0.4,-697.906
12.13802,0.4,-748.204
12.15806,0.4,-698.742
12.17806,0.4,-749.7
12.19814,0.4,-747.31
12.21817,0.4,-698.742
12.23824,0.4,-747.608
12.25825,0.4,-699.44
12.27831,0.4,-747.757
12.29838,0.4,-697.767
12.31841,0.4,-748.802
12.33844,0.4,-748.951
12.35848,0.4,-698.603
12.37848,0.4,-749.7
12.39848,0.4,-700
12.41852,0.4,-748.802
12.43853,0.4,-699.58
12.45858,0.4,-748.055
12.47859,0.4,-699.58
12.49859,0.4,-750
12.51859,0.4,-700
12.53864,0.4,-748.055
12.55868,0.4,-748.802
12.57868,0.4,-700
12.5987,0.4,-748.951
12.6187,0.4,-700
12.63871,0.4,-749.7
12.65873,0.4,-699.301
12.67873,0.4,-750
12.69878,0.4,-698.463
12.71881,0.4,-748.802
12.73884,0.4,-698.882
12.75884,0.4,-750
12.77886,0.4,-699.44
12.79889,0.4,-748.652
12.81891,0.4,-749.251
12.83891,0.4,-700
12.85894,0.4,-749.101
12.87898,0.4,-698.603
12.89898,0.4,-749.85
12.919,0.4,-699.44
12.93906,0.4,-747.757
12.95909,0.4,-698.742
12.9791,0.4,-749.85
12.99913,0.4,-698.882
13.01915,0.4,-749.101
13.03916,0.4,-749.7
13.05916,0.4,-699.86
13.07917,0.4,-749.7
13.09919,0.4,-699.44
13.11924,0.4,-747.906
13.13926,0.4,-699.44
13.1593,0.4,-748.652
13.17936,0.4,-697.906
13.19942,0.4,-747.757
13.21944,0.4,-748.951
13.23949,0.4,-698.463
13.25956,0.4,-747.459
13.27959,0.4,-698.882
13.29964,0.4,-748.204
13.31964,0.4,-699.86
13.33964,0.4,-749.85
13.35967,0.4,-699.161
13.37972,0.4,-748.204
13.39972,0.4,-750
13.41973,0.4,-699.58
13.43978,0.4,-747.906
13.45982,0.4,-698.742
13.47982,0.4,-749.85
13.49987,0.4,-698.463
13.51988,0.4,-749.7
13.53991,0.4,-698.882
13.55992,0.4,-749.55
13.57997,0.4,-748.204
13.59998,0.4,-699.58
13.62002,0.4,-748.652
13.64003,0.4,-699.44
13.66004,0.4,-749.7
13.68007,0.4,-699.021
13.7001,0.4,-748.951
13.72017,0.4,-747.161
13.74018,0.4,-699.86
13.76022,0.4,-748.503
13.78022,0.4,-700
13.80022,0.4,-749.7
13.82027,0.4,-698.463
13.84033,0.4,-747.757
13.86034,0.4,-749.401
13.88036,0.4,-699.44
13.90041,0.4,-748.055
13.92047,0.4,-698.045
13.9405,0.4,-748.802
13.96053,0.4,-748.802
13.98057,0.4,-698.603
14.00057,0,-750
14.02059,0,-699.301
14.04062,0,-699.161
14.06067,0,-648.185
14.08068,0,-649.74
14.10073,0,-598.444
14.12074,0,-599.64
14.14077,0,-599.161
14.16081,0,-548.902
14.18087,0,-498.505
14.20092,0,-498.803
14.22092,0,-499.9
14.24094,0,-449.55
14.26097,0,-449.371
14.28099,0,-399.68
14.301,0,-399.76
14.32103,0,-399.441
14.34108,0,-349.162
14.36114,0,-348.884
14.38115,0,-349.86
14.40117,0,-299.64
14.42122,0,-299.341
14.44123,0,-249.85
14.46128,0,-249.352
14.4813,0,-249.75
14.50134,0,-249.451
14.5214,0,-199.442
14.54143,0,-199.72
14.56144,0,-199.84
14.58146,0,-149.85
14.60148,0,-149.88
14.62152,0,-149.73
14.64156,0,-149.671
14.66156,0,-99.98
14.6816,0,-99.8
14.70161,0,-99.96
14.72165,0,-49.9
14.74167,0,-99.92
14.76167,0,-49.99
14.78168,0,-49.99
14.80168,0,0
14.82171,0,-49.92
14.84174,0,0
14.8618,0,0
14.88185,0,0
14.90189,0,0
14.92195,0,0
14.94196,0,0
14.96197,0,0
14.98201,0,0
15.00206,0,0
15.02208,0,0
15.04209,0,0
15.06214,0,0
15.08216,0,0
15.10222,0,0
15.12226,0,0
15.14229,0,0
15.16235,0,0
15.18239,0,0
15.2024,0,0
15.22244,0,0
15.24246,0,0
15.26246,0,0
15.28247,0,0
15.30248,0,0
15.32251,0,0
15.34256,0,0
15.36262,0,0
15.38262,0,0
15.40266,0,0
15.42272,0,0
15.44274,0,0
15.46275,0,0
15.48279,0,0
15.50284,0,0
15.52288,0,0
15.54289,0,0
15.56294,0,0
15.58295,0,0
15.60301,0,0
15.62302,0,0
15.64302,0,0
15.66307,0,0
15.68309,0,0
15.70315,0,0
15.72318,0,0
15.74318,0,0
15.76322,0,0
15.78328,0,0
15.80328,0,0
15.82328,0,0
15.84332,0,0
15.86337,0,0
15.88341,0,0
15.90344,0,0
15.92347,0,0
15.94347,0,0
15.96347,0,0
15.98349,0,0
16.00353,0.4,0
16.02357,0.4,0
16.04359,0.4,-99.9
16.0636,0.4,-99.96
16.08367,0.4,-149.462
16.1037,0.4,-199.72
16.12375,0.4,-199.442
16.14375,0.4,-250
16.16378,0.4,-249.601
16.18379,0.4,-299.94
16.20384,0.4,-299.222
16.22386,0.4,-349.65
16.24392,0.4,-348.953
16.26398,0.4,-398.883
16.28398,0.4,-399.92
16.304,0.4,-399.68
16.32402,0.4,-449.55
16.34405,0.4,-399.281
16.36413,0.4,-498.206
16.38418,0.4,-448.833
16.40423,0.4,-498.604
16.42428,0.4,-498.703
16.44429,0.4,-500
16.46429,0.4,-500
16.48432,0.4,-549.121
16.50435,0.4,-549.012
16.52442,0.4,-548.246
16.54445,0.4,-549.012
16.56451,0.4,-548.355
16.58455,0.4,-598.922
16.60455,0.4,-550
16.62457,0.4,-599.401
16.64461,0.4,-598.683
16.66462,0.4,-599.64
16.68466,0.4,-598.922
16.70467,0.4,-599.76
16.72471,0.4,-598.683
16.74472,0.4,-649.74
16.76478,0.4,-598.325
16.78481,0.4,-648.832
16.80484,0.4,-648.962
16.82488,0.4,-648.962
16.84492,0.4,-598.683
16.86499,0.4,-647.668
16.88503,0.4,-648.703
16.9051,0.4,-697.628
16.92516,0.4,-647.927
16.94518,0.4,-649.48
16.9652,0.4,-649.48
16.98521,0.4,-699.58
17.00522,0.4,-649.61
17.02523,0.4,-649.61
17.04529,0.4,-698.045
17.06529,0.4,-649.87
17.08536,0.4,-697.489
17.10538,0.4,-699.44
17.12544,0.4,-648.185
17.14544,0.4,-700
17.16544,0.4,-699.72
17.1855,0.4,-648.185
17.20552,0.4,-699.301
17.22558,0.4,-697.906
17.2456,0.4,-699.161
17.26562,0.4,-699.58
17.28565,0.4,-698.882
17.30568,0.4,-649.091
17.32571,0.4,-698.742
17.34571,0.4,-700
17.36578,0.4,-697.489
17.38585,0.4,-697.767
17.40591,0.4,-747.608
17.42593,0.4,-699.58
17.44593,0.4,-699.86
17.46596,0.4,-699.021
17.48599,0.4,-698.742
17.50601,0.4,-699.58
17.52601,0.4,-699.86
17.54604,0.4,-699.021
17.56609,0.4,-698.045
17.58614,0.4,-748.204
17.60621,0.4,-697.489
17.62623,0.4,-699.44
17.64627,0.4,-698.603
17.66634,0.4,-747.31
17.68637,0.4,-698.882
17.70637,0.4,-700
17.72639,0.4,-699.301
17.7464,0.4,-749.7
17.76642,0.4,-699.301
17.78649,0.4,-697.628
17.80652,0.4,-748.802
17.82659,0.4,-697.489
17.84663,0.4,-698.882
17.86668,0.4,-747.757
17.88672,0.4,-698.882
17.90676,0.4,-698.603
17.9268,0.4,-748.204
17.94685,0.4,-698.324
17.96686,0.4,-749.7
17.98692,0.4,-697.767
18.00694,0.4,-699.58
18.02699,0.4,-747.906
18.04705,0.4,-698.045
18.06707,0.4,-749.251
18.08714,0.4,-697.628
18.10716,0.4,-699.161
18.12716,0.4,-750
18.14723,0.4,-697.628
18.16727,0.4,-748.354
18.18734,0.4,-697.628
18.20738,0.4,-748.354
18.22745,0.4,-697.628
18.24748,0.4,-748.802
18.26755,0.4,-697.628
18.28758,0.4,-699.021
18.30764,0.4,-747.906
18.32766,0.4,-699.161
18.34767,0.4,-749.7
18.36768,0.4,-699.58
18.38775,0.4,-747.608
18.40781,0.4,-697.628
18.42782,0.4,-749.7
18.44783,0.4,-699.86
18.46786,0.4,-748.503
18.4879,0.4,-698.603
18.50798,0.4,-747.161
18.528,0.4,-699.161
18.54805,0.4,-748.204
18.5681,0.4,-698.324
18.58817,0.4,-747.459
18.60824,0.4,-697.489
18.62826,0.4,-749.101
18.64831,0.4,-698.324
18.66832,0.4,-749.85
18.68835,0.4,-698.742
18.70837,0.4,-749.401
18.7284,0.4,-699.021
18.7484,0.4,-750
18.76842,0.4,-699.301
18.78842,0.4,-750
18.80842,0.4,-699.72
18.82843,0.4,-749.85
18.84846,0.4,-698.882
18.86852,0.4,-747.757
18.88854,0.4,-699.44
18.90857,0.4,-748.802
18.9286,0.4,-698.742
18.94861,0.4,-750
18.96867,0.4,-697.767
18.98869,0.4,-749.251
19.0087,0.4,-699.44
19.02872,0.4,-749.401
19.04875,0.4,-748.802
19.06881,0.4,-698.045
19.08887,0.4,-747.757
19.10893,0.4,-697.767
19.12895,0.4,-749.251
19.14901,0.4,-698.045
19.16908,0.4,-747.31
19.1891,0.4,-699.301
19.20911,0.4,-749.85
19.22913,0.4,-699.161
19.24913,0.4,-749.85
19.26916,0.4,-748.802
19.28924,0.4,-697.211
19.30928,0.4,-748.652
19.32928,0.4,-700
19.34931,0.4,-748.802
19.36936,0.4,-698.185
19.38939,0.4,-749.101
19.40942,0.4,-698.882
19.42948,0.4,-747.906
19.44952,0.4,-698.463
19.46954,0.4,-749.251
19.48957,0.4,-749.101
19.5096,0.4,-698.882
19.52967,0.4,-747.31
19.54974,0.4,-697.628
19.56976,0.4,-749.101
19.58979,0.4,-699.161
19.60984,0.4,-748.055
19.62989,0.4,-747.906
19.6499,0.4,-699.72
19.66995,0.4,-748.055
19.69001,0.4,-697.906
19.71005,0.4,-748.503
19.73006,0.4,-699.86
19.75011,0.4,-747.906
19.7702,0.4,-746.863
19.79024,0.4,-698.463
19.81024,0.4,-749.85
19.83028,0.4,-698.742
19.85029,0.4,-749.55
19.87032,0.4,-698.882
19.89039,0.4,-747.608
19.9104,0.4,-749.55
19.93042,0.4,-699.44
19.95042,0.4,-749.7
19.97045,0.4,-699.161
19.99052,0.4,-747.459
20.01057,0.6,-698.045
20.03058,0.6,-799.84
20.05062,0.6,-748.354
20.07067,0.6,-797.925
20.09074,0.6,-797.289
20.11075,0.6,-849.66
20.13077,0.6,-849.151
20.15083,0.6,-847.289
20.17084,0.6,-899.46
20.19088,0.6,-898.204
20.21092,0.6,-898.383
20.23098,0.6,-897.487
20.251,0.6,-948.672
20.27107,0.6,-946.781
20.29109,0.6,-949.051
20.31116,0.6,-946.781
20.3312,0.6,-947.915
20.3512,0.6,-950
20.37122,0.6,-999.001
20.39127,0.6,-947.915
20.41127,0.6,-999.8
20.4313,0.6,-998.801
20.4513,0.6,-999.6
20.47133,0.6,-998.602
20.4914,0.6,-996.81
20.51145,0.6,-997.407
20.5315,0.6,-1047.486
20.55152,0.6,-999.001
20.57158,0.6,-996.81
20.59158,0.6,-1050
20.61162,0.6,-997.805
20.63164,0.6,-1048.951
20.6517,0.6,-1047.068
20.67176,0.6,-997.208
20.6918,0.6,-1047.695
20.71181,0.6,-1049.58
20.73184,0.6,-1048.323
20.75189,0.6,-1047.486
20.77193,0.6,-998.004
20.79194,0.6,-1049.37
20.81197,0.6,-1048.323
20.83205,0.6,-1046.234
20.85208,0.6,-1048.113
20.87214,0.6,-1046.859
20.89221,0.6,-1046.234
20.91224,0.6,-1098.462
20.93231,0.6,-1046.442
20.95236,0.6,-1047.486
20.97242,0.6,-1046.442
20.99244,0.6,-1049.161
21.01249,0.6,-1047.277
21.03251,0.6,-1048.951
21.05256,0.6,-1097.585
21.0726,0.6,-1047.695
21.09267,0.6,-1046.651
21.11273,0.6,-1046.442
21.13275,0.6,-1099.121
21.15281,0.6,-1046.651
21.17282,0.6,-1049.79
21.19282,0.6,-1049.58
21.21285,0.6,-1098.901
21.23288,0.6,-1048.113
21.25292,0.6,-1047.695
21.27298,0.6,-1096.929
21.29304,0.6,-1046.651
21.31307,0.6,-1048.742
21.33307,0.6,-1099.78
21.3531,0.6,-1048.742
21.37317,0.6,-1046.025
21.39324,0.6,-1096.054
21.41328,0.6,-1048.323
21.43333,0.6,-1047.068
21.45339,0.6,-1096.929
21.47346,0.6,-1046.025
21.49349,0.6,-1098.901
21.51356,0.6,-1046.234
21.53362,0.6,-1096.71
21.55364,0.6,-1048.951
21.57365,0.6,-1049.58
21.59369,0.6,-1097.585
21.61373,0.6,-1047.904
21.63376,0.6,-1098.462
21.6538,0.6,-1047.904
21.67382,0.6,-1048.742
21.69389,0.6,-1096.054
21.71393,0.6,-1047.904
21.73394,0.6,-1099.56
21.75395,0.6,-1049.79
21.77395,0.6,-1099.78
21.79399,0.6,-1047.695
21.81405,0.6,-1046.859
21.8341,0.6,-1097.366
21.85417,0.6,-1046.442
21.87422,0.6,-1097.147
21.89425,0.6,-1048.323
21.91427,0.6,-1099.34
21.93428,0.6,-1048.951
21.9543,0.6,-1099.34
21.97432,0.6,-1048.742
21.99439,0.6,-1096.054
22.01442,0.6,-1048.532
22.03445,0.6,-1098.682
22.0545,0.6,-1047.277
22.07454,0.6,-1097.585
22.0946,0.6,-1047.068
22.11467,0.6,-1096.054
22.13472,0.6,-1047.068
22.1548,0.6,-1095.836
22.17486,0.6,-1046.859
22.19489,0.6,-1098.462
22.21491,0.6,-1048.951
22.23496,0.6,-1097.366
22.255,0.6,-1047.904
22.27504,0.6,-1097.804
22.2951,0.6,-1096.273
22.31513,0.6,-1048.532
22.33516,0.6,-1098.682
22.3552,0.6,-1047.695
22.37527,0.6,-1096.054
22.39527,0.6,-1050
22.41529,0.6,-1098.901
22.43536,0.6,-1046.651
22.4554,0.6,-1097.585
22.47547,0.6,-1096.054
22.49551,0.6,-1048.323
22.51558,0.6,-1096.054
22.53564,0.6,-1046.651
22.55566,0.6,-1098.901
22.57567,0.6,-1049.79
22.5957,0.6,-1098.243
22.61574,0.6,-1097.585
22.63578,0.6,-1048.113
22.65582,0.6,-1097.804
22.67586,0.6,-1047.695
22.69592,0.6,-1096.929
22.71598,0.6,-1046.651
22.73599,0.6,-1099.78
22.75607,0.6,-1095.399
22.77608,0.6,-1049.58
22.79611,0.6,-1098.243
22.81618,0.6,-1046.442
22.83624,0.6,-1096.71
22.85625,0.6,-1099.34
22.87627,0.6,-1048.951
22.89632,0.6,-1097.147
22.91639,0.6,-1046.234
22.93644,0.6,-1097.585
22.95644,0.6,-1099.56
22.97648,0.6,-1048.323
22.99648,0.6,-1099.78
23.01652,0.6,-1047.904
23.0366,0.6,-1095.836
23.05661,0.6,-1099.34
23.07668,0.6,-1046.234
23.09672,0.6,-1097.804
23.11676,0.6,-1097.804
23.13678,0.6,-1048.951
23.15682,0.6,-1097.585
23.17687,0.6,-1047.695
23.19693,0.6,-1096.491
23.21701,0.6,-1095.836
23.23708,0.6,-1046.025
23.25715,0.6,-1096.491
23.27718,0.6,-1098.024
23.29723,0.6,-1047.695
23.31729,0.6,-1096.71
23.33736,0.6,-1096.054
23.35743,0.6,-1046.442
23.37746,0.6,-1098.462
23.39751,0.6,-1096.929
23.41751,0.6,-1050
23.43756,0.6,-1097.366
23.45765,0.6,-1095.181
23.47768,0.6,-1048.323
23.49769,0.6,-1099.78
23.51775,0.6,-1096.273
23.5378,0.6,-1047.695
23.55786,0.6,-1096.491
23.5779,0.6,-1097.585
23.59798,0.6,-1046.234
23.618,0.6,-1098.462
23.63805,0.6,-1097.585
23.65812,0.6,-1046.234
23.67815,0.6,-1098.462
23.69816,0.6,-1049.37
23.7182,0.6,-1097.804
23.73824,0.6,-1098.024
23.75826,0.6,-1048.951
23.77832,0.6,-1096.273
23.79833,0.6,-1099.56
23.81835,0.6,-1049.161
23.83839,0.6,-1098.024
23.85843,0.6,-1097.366
23.87849,0.6,-1047.068
23.89852,0.6,-1098.462
23.91856,0.6,-1097.585
23.93863,0.6,-1046.234
23.9587,0.6,-1096.491
23.97877,0.6,-1096.054
23.9988,0.6,-1048.323
24.01881,0.4,-1099.56
24.03886,0.4,-1047.277
24.05893,0.4,-1046.442
24.07898,0.4,-1047.277
24.09905,0.4,-996.612
24.1191,0.4,-997.606
24.13911,0.4,-999.6
24.15912,0.4,-999.201
24.17916,0.4,-948.104
24.19919,0.4,-948.482
24.21925,0.4,-947.347
24.23932,0.4,-946.592
24.25934,0.4,-948.861
24.27935,0.4,-899.82
24.29942,0.4,-896.593
24.31946,0.4,-898.383
24.3395,0.4,-898.383
24.35955,0.4,-897.666
24.3796,0.4,-847.796
24.39961,0.4,-899.64
24.41964,0.4,-848.473
24.43972,0.4,-846.951
24.45977,0.4,-847.627
24.47984,0.4,-847.12
24.49987,0.4,-848.642
24.51992,0.4,-848.134
24.53998,0.4,-797.448
24.56001,0.4,-848.812
24.58007,0.4,-797.448
24.60011,0.4,-848.303
24.62014,0.4,-798.722
24.64015,0.4,-799.84
24.66017,0.4,-799.201
24.68021,0.4,-798.563
24.70025,0.4,-798.244
24.72032,0.4,-797.289
24.74039,0.4,-796.972
24.76042,0.4,-798.882
24.78045,0.4,-798.882
24.80047,0.4,-799.041
24.82052,0.4,-748.354
24.84057,0.4,-797.766
24.86062,0.4,-748.354
24.8807,0.4,-796.813
24.90072,0.4,-799.041
24.92079,0.4,-747.459
24.94079,0.4,-750
24.96085,0.4,-797.448
24.98087,0.4,-749.251
25.00093,0.4,-797.607
25.02095,0.4,-749.401
25.041,0.4,-748.204
25.061,0.4,-750
25.08105,0.4,-797.766
25.10106,0.4,-749.7
25.12111,0.4,-748.204
25.14118,0.4,-747.31
25.1612,0.4,-799.041
25.18123,0.4,-749.251
25.20127,0.4,-748.354
25.22132,0.4,-748.055
25.24139,0.4,-747.31
25.26142,0.4,-749.101
25.28143,0.4,-749.55
25.30145,0.4,-749.251
25.32148,0.4,-748.802
25.34153,0.4,-798.085
25.3616,0.4,-747.459
25.38166,0.4,-747.608
25.40171,0.4,-748.354
25.42176,0.4,-747.906
25.44177,0.4,-749.7
25.46184,0.4,-747.459
25.48186,0.4,-749.251
25.5019,0.4,-748.503
25.52196,0.4,-747.608
25.54196,0.4,-749.85
25.56201,0.4,-748.354
25.58204,0.4,-699.021
25.60208,0.4,-748.354
25.62208,0.4,-749.85
25.64209,0.4,-749.85
25.66213,0.4,-748.354
25.68213,0.4,-750
25.70219,0.4,-748.055
25.72219,0.4,-749.85
25.74222,0.4,-748.802
25.76228,0.4,-747.906
25.78233,0.4,-748.055
25.80238,0.4,-748.055
25.82244,0.4,-698.045
25.84244,0.4,-750
25.86244,0.4,-749.85
25.88245,0.4,-749.55
25.90246,0.4,-749.85
25.92246,0.4,-750
25.94249,0.4,-748.802
25.9625,0.4,-699.58
25.98255,0.4,-748.204
26.0026,0.4,-747.906
26.02262,0.4,-749.401
26.04268,0.4,-747.906
26.06268,0.4,-749.7
26.08274,0.4,-748.055
26.10282,0.4,-746.863
26.12286,0.4,-698.603
26.14292,0.4,-747.906
26.16292,0.4,-749.85
26.18296,0.4,-748.503
26.20298,0.4,-749.251
26.22304,0.4,-747.608
26.24311,0.4,-747.608
26.26311,0.4,-750
26.28319,0.4,-697.072
26.30322,0.4,-749.101
26.32325,0.4,-748.652
26.3433,0.4,-748.204
26.36336,0.4,-747.757
26.38342,0.4,-747.906
26.40346,0.4,-698.603
26.42351,0.4,-748.055
26.44358,0.4,-747.31
26.46366,0.4,-747.012
26.48367,0.4,-749.55
26.50368,0.4,-749.55
26.52374,0.4,-747.906
26.54375,0.4,-749.55
26.56379,0.4,-698.742
26.58382,0.4,-748.951
26.60388,0.4,-747.459
26.62389,0.4,-749.7
26.6439,0.4,-749.55
26.66396,0.4,-747.906
26.68404,0.4,-746.863
26.7041,0.4,-748.055
26.7241,0.4,-700
26.74412,0.4,-748.951
26.76416,0.4,-748.503
26.78422,0.4,-748.055
26.80429,0.4,-747.31
26.82436,0.4,-747.31
26.84438,0.4,-749.251
26.86439,0.4,-699.72
26.8844,0.4,-749.55
26.9044,0.4,-749.85
26.92442,0.4,-749.55
26.94445,0.4,-748.802
26.96449,0.4,-748.503
26.98454,0.4,-748.204
27.00457,0.4,-699.021
27.02463,0.4,-747.459
27.04464,0.4,-749.55
27.06468,0.4,-748.802
27.0847,0.4,-749.251
27.10476,0.4,-747.757
27.12477,0.4,-749.55
27.14478,0.4,-699.58
27.16484,0.4,-747.906
27.18491,0.4,-747.161
27.20498,0.4,-747.608
27.22498,0.4,-749.85
27.24501,0.4,-748.802
27.26505,0.4,-748.503
27.2851,0.4,-748.354
27.30518,0.4,-747.012
27.32522,0.4,-698.324
27.34524,0.4,-749.55
27.36526,0.4,-749.101
27.38527,0.4,-749.7
27.40527,0.4,-750
27.42527,0.4,-750
27.44529,0.4,-749.251
27.46534,0.4,-748.204
27.48538,0.4,-698.463
27.50543,0.4,-748.204
27.52545,0.4,-749.101
27.5455,0.4,-748.055
27.56558,0.4,-747.012
27.58565,0.4,-747.608
27.60566,0.4,-749.55
27.62571,0.4,-748.204
27.64576,0.4,-748.204
27.66577,0.4,-699.58
27.68581,0.4,-748.652
27.70583,0.4,-749.101
27.72588,0.4,-748.204
27.74596,0.4,-747.012
27.76603,0.4,-747.161
27.78604,0.4,-749.7
27.80607,0.4,-748.951
27.82608,0.4,-699.44
27.84613,0.4,-748.354
27.8662,0.4,-747.459
27.88625,0.4,-748.055
27.9063,0.4,-748.055
27.92635,0.4,-748.204
27.94642,0.4,-747.31
27.9665,0.4,-747.161
27.98652,0.4,-749.251
28.00652,0,-700
28.02654,0,-749.251
28.0466,0,-697.906
28.06665,0,-648.185
28.0867,0,-648.314
28.10678,0,-647.539
28.1268,0,-599.401
28.14682,0,-599.401
28.16682,0,-550
28.18683,0,-499.7
28.20689,0,-548.464
28.22689,0,-449.91
28.24695,0,-498.703
28.26696,0,-449.73
28.28698,0,-449.55
28.30703,0,-398.883
28.32707,0,-399.281
28.34711,0,-349.232
28.36714,0,-349.58
28.38718,0,-349.301
28.40724,0,-299.103
28.4273,0,-348.814
28.44737,0,-249.153
28.46739,0,-299.76
28.4874,0,-249.9
28.50744,0,-249.501
28.52747,0,-199.681
28.54754,0,-199.283
28.56755,0,-199.88
28.58756,0,-199.96
28.60757,0,-149.94
28.6276,0,-149.73
28.64766,0,-149.581
28.66767,0,-149.88
28.6877,0,-99.84
28.70773,0,-99.88
28.72779,0,-99.681
28.74782,0,-99.86
28.76787,0,-49.88
28.78788,0,-49.97
28.80791,0,-49.92
28.82793,0,0
28.84794,0,-49.97
28.86794,0,-50
28.88796,0,0
28.90797,0,0
28.92797,0,0
28.948,0,0
28.96803,0,0
28.98808,0,0
29.00814,0,0
29.02819,0,0
29.04826,0,0
29.06828,0,0
29.0883,0,0
29.10833,0,0
29.12839,0,0
29.14842,0,0
29.16846,0,0
29.18846,0,0
29.20851,0,0
29.22852,0,0
29.24856,0,0
29.26863,0,0
29.28868,0,0
29.30868,0,0
29.32872,0,0
29.34872,0,0
29.36876,0,0
29.38882,0,0
29.40882,0,0
29.42883,0,0
29.44885,0,0
29.46891,0,0
29.48897,0,0
29.50897,0,0
29.52899,0,0
29.54903,0,0
29.56909,0,0
29.58916,0,0
29.60917,0,0
29.6292,0,0
29.64926,0,0
29.66927,0,0
29.68931,0,0
29.70933,0,0
29.72937,0,0
29.74939,0,0
29.76944,0,0
29.78946,0,0
29.80949,0,0
29.82949,0,0
29.84954,0,0
29.86961,0,0
29.88963,0,0
29.90968,0,0
29.92975,0,0
29.94981,0,0
29.96983,0,0
29.98985,0,0
